SEGID,LANGPAIR,ANNOTYPE,BINLABEL,MEANSCORE,NUMANNOT
1,ko-en,ml,False,1,0
2,ko-en,ml,False,1,0
3,ko-en,ml,False,1,0
4,ko-en,ml,False,1,0
5,ko-en,ml,False,1,0
6,ko-en,ml,False,1,0
7,ko-en,ml,False,1,0
8,ko-en,ml,False,1,0
9,ko-en,ml,False,1,0
10,ko-en,ml,False,1,0
11,ko-en,ml,False,1,0
12,ko-en,ml,False,1,0
13,ko-en,ml,False,1,0
14,ko-en,ml,False,1,0
15,ko-en,ml,False,1,0
16,ko-en,ml,False,1,0
17,ko-en,ml,False,1,0
18,ko-en,ml,False,1,0
19,ko-en,ml,False,1,0
20,ko-en,ml,False,1,0
21,ko-en,ml,False,1,0
22,ko-en,ml,True,1,0
23,ko-en,ml,False,1,0
24,ko-en,ml,False,1,0
25,ko-en,ml,False,1,0
26,ko-en,ml,False,1,0
27,ko-en,ml,False,1,0
28,ko-en,ml,False,1,0
29,ko-en,ml,False,1,0
30,ko-en,ml,True,1,0
31,ko-en,ml,False,1,0
32,ko-en,ml,False,1,0
33,ko-en,ml,False,1,0
34,ko-en,ml,False,1,0
35,ko-en,ml,False,1,0
36,ko-en,ml,False,1,0
37,ko-en,ml,False,1,0
38,ko-en,ml,True,1,0
39,ko-en,ml,False,1,0
40,ko-en,ml,True,1,0
41,ko-en,ml,True,1,0
42,ko-en,ml,False,1,0
43,ko-en,ml,True,1,0
44,ko-en,ml,False,1,0
45,ko-en,ml,False,1,0
46,ko-en,ml,False,1,0
47,ko-en,ml,False,1,0
48,ko-en,ml,False,1,0
49,ko-en,ml,False,1,0
50,ko-en,ml,False,1,0
51,ko-en,ml,False,1,0
52,ko-en,ml,False,1,0
53,ko-en,ml,False,1,0
54,ko-en,ml,False,1,0
55,ko-en,ml,False,1,0
56,ko-en,ml,False,1,0
57,ko-en,ml,False,1,0
58,ko-en,ml,False,1,0
59,ko-en,ml,False,1,0
60,ko-en,ml,False,1,0
61,ko-en,ml,False,1,0
62,ko-en,ml,True,1,0
63,ko-en,ml,False,1,0
64,ko-en,ml,False,1,0
65,ko-en,ml,False,1,0
66,ko-en,ml,False,1,0
67,ko-en,ml,False,1,0
68,ko-en,ml,False,1,0
69,ko-en,ml,False,1,0
70,ko-en,ml,False,1,0
71,ko-en,ml,False,1,0
72,ko-en,ml,False,1,0
73,ko-en,ml,False,1,0
74,ko-en,ml,False,1,0
75,ko-en,ml,False,1,0
76,ko-en,ml,False,1,0
77,ko-en,ml,False,1,0
78,ko-en,ml,False,1,0
79,ko-en,ml,False,1,0
80,ko-en,ml,False,1,0
81,ko-en,ml,False,1,0
82,ko-en,ml,False,1,0
83,ko-en,ml,False,1,0
84,ko-en,ml,False,1,0
85,ko-en,ml,False,1,0
86,ko-en,ml,False,1,0
87,ko-en,ml,False,1,0
88,ko-en,ml,False,1,0
89,ko-en,ml,False,1,0
90,ko-en,ml,False,1,0
91,ko-en,ml,False,1,0
92,ko-en,ml,False,1,0
93,ko-en,ml,False,1,0
94,ko-en,ml,False,1,0
95,ko-en,ml,False,1,0
96,ko-en,ml,False,1,0
97,ko-en,ml,False,1,0
98,ko-en,ml,False,1,0
99,ko-en,ml,False,1,0
100,ko-en,ml,False,1,0
101,ko-en,ml,False,1,0
102,ko-en,ml,False,1,0
103,ko-en,ml,False,1,0
104,ko-en,ml,False,1,0
105,ko-en,ml,False,1,0
106,ko-en,ml,False,1,0
107,ko-en,ml,False,1,0
108,ko-en,ml,False,1,0
109,ko-en,ml,False,1,0
110,ko-en,ml,False,1,0
111,ko-en,ml,False,1,0
112,ko-en,ml,False,1,0
113,ko-en,ml,False,1,0
114,ko-en,ml,False,1,0
115,ko-en,ml,False,1,0
116,ko-en,ml,False,1,0
117,ko-en,ml,False,1,0
118,ko-en,ml,False,1,0
119,ko-en,ml,False,1,0
120,ko-en,ml,False,1,0
121,ko-en,ml,False,1,0
122,ko-en,ml,False,1,0
123,ko-en,ml,False,1,0
124,ko-en,ml,False,1,0
125,ko-en,ml,False,1,0
126,ko-en,ml,False,1,0
127,ko-en,ml,False,1,0
128,ko-en,ml,False,1,0
129,ko-en,ml,False,1,0
130,ko-en,ml,False,1,0
131,ko-en,ml,False,1,0
132,ko-en,ml,False,1,0
133,ko-en,ml,False,1,0
134,ko-en,ml,False,1,0
135,ko-en,ml,False,1,0
136,ko-en,ml,False,1,0
137,ko-en,ml,True,1,0
138,ko-en,ml,False,1,0
139,ko-en,ml,False,1,0
140,ko-en,ml,False,1,0
141,ko-en,ml,False,1,0
142,ko-en,ml,False,1,0
143,ko-en,ml,False,1,0
144,ko-en,ml,False,1,0
145,ko-en,ml,False,1,0
146,ko-en,ml,True,1,0
147,ko-en,ml,False,1,0
148,ko-en,ml,False,1,0
149,ko-en,ml,False,1,0
150,ko-en,ml,False,1,0
151,ko-en,ml,False,1,0
152,ko-en,ml,False,1,0
153,ko-en,ml,True,1,0
154,ko-en,ml,False,1,0
155,ko-en,ml,False,1,0
156,ko-en,ml,False,1,0
157,ko-en,ml,False,1,0
158,ko-en,ml,False,1,0
159,ko-en,ml,False,1,0
160,ko-en,ml,False,1,0
161,ko-en,ml,False,1,0
162,ko-en,ml,False,1,0
163,ko-en,ml,False,1,0
164,ko-en,ml,False,1,0
165,ko-en,ml,False,1,0
166,ko-en,ml,False,1,0
167,ko-en,ml,False,1,0
168,ko-en,ml,False,1,0
169,ko-en,ml,False,1,0
170,ko-en,ml,False,1,0
171,ko-en,ml,False,1,0
172,ko-en,ml,False,1,0
173,ko-en,ml,False,1,0
174,ko-en,ml,False,1,0
175,ko-en,ml,False,1,0
176,ko-en,ml,False,1,0
177,ko-en,ml,False,1,0
178,ko-en,ml,False,1,0
179,ko-en,ml,False,1,0
180,ko-en,ml,False,1,0
181,ko-en,ml,False,1,0
182,ko-en,ml,False,1,0
183,ko-en,ml,True,1,0
184,ko-en,ml,True,1,0
185,ko-en,ml,False,1,0
186,ko-en,ml,True,1,0
187,ko-en,ml,False,1,0
188,ko-en,ml,False,1,0
189,ko-en,ml,False,1,0
190,ko-en,ml,True,1,0
191,ko-en,ml,False,1,0
192,ko-en,ml,False,1,0
193,ko-en,ml,False,1,0
194,ko-en,ml,False,1,0
195,ko-en,ml,False,1,0
196,ko-en,ml,False,1,0
197,ko-en,ml,False,1,0
198,ko-en,ml,False,1,0
199,ko-en,ml,False,1,0
200,ko-en,ml,False,1,0
201,ko-en,ml,False,1,0
202,ko-en,ml,False,1,0
203,ko-en,ml,False,1,0
204,ko-en,ml,False,1,0
205,ko-en,ml,False,1,0
206,ko-en,ml,False,1,0
207,ko-en,ml,False,1,0
208,ko-en,ml,False,1,0
209,ko-en,ml,False,1,0
210,ko-en,ml,False,1,0
211,ko-en,ml,False,1,0
212,ko-en,ml,False,1,0
213,ko-en,ml,False,1,0
214,ko-en,ml,False,1,0
215,ko-en,ml,False,1,0
216,ko-en,ml,False,1,0
217,ko-en,ml,False,1,0
218,ko-en,ml,False,1,0
219,ko-en,ml,False,1,0
220,ko-en,ml,False,1,0
221,ko-en,ml,False,1,0
222,ko-en,ml,False,1,0
223,ko-en,ml,False,1,0
224,ko-en,ml,False,1,0
225,ko-en,ml,False,1,0
226,ko-en,ml,False,1,0
227,ko-en,ml,False,1,0
228,ko-en,ml,False,1,0
229,ko-en,ml,False,1,0
230,ko-en,ml,False,1,0
231,ko-en,ml,False,1,0
232,ko-en,ml,False,1,0
233,ko-en,ml,False,1,0
234,ko-en,ml,False,1,0
235,ko-en,ml,False,1,0
236,ko-en,ml,False,1,0
237,ko-en,ml,False,1,0
238,ko-en,ml,False,1,0
239,ko-en,ml,False,1,0
240,ko-en,ml,False,1,0
241,ko-en,ml,True,1,0
242,ko-en,ml,False,1,0
243,ko-en,ml,False,1,0
244,ko-en,ml,False,1,0
245,ko-en,ml,False,1,0
246,ko-en,ml,False,1,0
247,ko-en,ml,True,1,0
248,ko-en,ml,False,1,0
249,ko-en,ml,False,1,0
250,ko-en,ml,False,1,0
251,ko-en,ml,False,1,0
252,ko-en,ml,False,1,0
253,ko-en,ml,False,1,0
254,ko-en,ml,False,1,0
255,ko-en,ml,False,1,0
256,ko-en,ml,False,1,0
257,ko-en,ml,True,1,0
258,ko-en,ml,False,1,0
259,ko-en,ml,False,1,0
260,ko-en,ml,True,1,0
261,ko-en,ml,True,1,0
262,ko-en,ml,False,1,0
263,ko-en,ml,False,1,0
264,ko-en,ml,False,1,0
265,ko-en,ml,False,1,0
266,ko-en,ml,False,1,0
267,ko-en,ml,True,1,0
268,ko-en,ml,False,1,0
269,ko-en,ml,False,1,0
270,ko-en,ml,False,1,0
271,ko-en,ml,False,1,0
272,ko-en,ml,False,1,0
273,ko-en,ml,False,1,0
274,ko-en,ml,True,1,0
275,ko-en,ml,False,1,0
276,ko-en,ml,True,1,0
277,ko-en,ml,False,1,0
278,ko-en,ml,False,1,0
279,ko-en,ml,False,1,0
280,ko-en,ml,False,1,0
281,ko-en,ml,True,1,0
282,ko-en,ml,False,1,0
283,ko-en,ml,False,1,0
284,ko-en,ml,False,1,0
285,ko-en,ml,False,1,0
286,ko-en,ml,False,1,0
287,ko-en,ml,False,1,0
288,ko-en,ml,False,1,0
289,ko-en,ml,False,1,0
290,ko-en,ml,True,1,0
291,ko-en,ml,False,1,0
292,ko-en,ml,False,1,0
293,ko-en,ml,False,1,0
294,ko-en,ml,True,1,0
295,ko-en,ml,False,1,0
296,ko-en,ml,False,1,0
297,ko-en,ml,False,1,0
298,ko-en,ml,False,1,0
299,ko-en,ml,False,1,0
300,ko-en,ml,False,1,0
301,ko-en,ml,False,1,0
302,ko-en,ml,False,1,0
303,ko-en,ml,False,1,0
304,ko-en,ml,False,1,0
305,ko-en,ml,False,1,0
306,ko-en,ml,False,1,0
307,ko-en,ml,False,1,0
308,ko-en,ml,False,1,0
309,ko-en,ml,False,1,0
310,ko-en,ml,False,1,0
311,ko-en,ml,False,1,0
312,ko-en,ml,False,1,0
313,ko-en,ml,True,1,0
314,ko-en,ml,False,1,0
315,ko-en,ml,False,1,0
316,ko-en,ml,False,1,0
317,ko-en,ml,False,1,0
318,ko-en,ml,False,1,0
319,ko-en,ml,False,1,0
320,ko-en,ml,True,1,0
321,ko-en,ml,False,1,0
322,ko-en,ml,False,1,0
323,ko-en,ml,False,1,0
324,ko-en,ml,False,1,0
325,ko-en,ml,False,1,0
326,ko-en,ml,False,1,0
327,ko-en,ml,True,1,0
328,ko-en,ml,False,1,0
329,ko-en,ml,False,1,0
330,ko-en,ml,False,1,0
331,ko-en,ml,False,1,0
332,ko-en,ml,False,1,0
333,ko-en,ml,False,1,0
334,ko-en,ml,False,1,0
335,ko-en,ml,True,1,0
336,ko-en,ml,False,1,0
337,ko-en,ml,False,1,0
338,ko-en,ml,False,1,0
339,ko-en,ml,False,1,0
340,ko-en,ml,False,1,0
341,ko-en,ml,False,1,0
342,ko-en,ml,False,1,0
343,ko-en,ml,False,1,0
344,ko-en,ml,False,1,0
345,ko-en,ml,False,1,0
346,ko-en,ml,False,1,0
347,ko-en,ml,False,1,0
348,ko-en,ml,False,1,0
349,ko-en,ml,True,1,0
350,ko-en,ml,False,1,0
351,ko-en,ml,False,1,0
352,ko-en,ml,False,1,0
353,ko-en,ml,False,1,0
354,ko-en,ml,False,1,0
355,ko-en,ml,False,1,0
356,ko-en,ml,False,1,0
357,ko-en,ml,False,1,0
358,ko-en,ml,False,1,0
359,ko-en,ml,False,1,0
360,ko-en,ml,True,1,0
361,ko-en,ml,True,1,0
362,ko-en,ml,True,1,0
363,ko-en,ml,False,1,0
364,ko-en,ml,False,1,0
365,ko-en,ml,False,1,0
366,ko-en,ml,False,1,0
367,ko-en,ml,True,1,0
368,ko-en,ml,False,1,0
369,ko-en,ml,False,1,0
370,ko-en,ml,False,1,0
371,ko-en,ml,False,1,0
372,ko-en,ml,True,1,0
373,ko-en,ml,False,1,0
374,ko-en,ml,False,1,0
375,ko-en,ml,False,1,0
376,ko-en,ml,False,1,0
377,ko-en,ml,False,1,0
378,ko-en,ml,False,1,0
379,ko-en,ml,False,1,0
380,ko-en,ml,False,1,0
381,ko-en,ml,False,1,0
382,ko-en,ml,True,1,0
383,ko-en,ml,False,1,0
384,ko-en,ml,False,1,0
385,ko-en,ml,False,1,0
386,ko-en,ml,False,1,0
387,ko-en,ml,False,1,0
388,ko-en,ml,False,1,0
389,ko-en,ml,False,1,0
390,ko-en,ml,False,1,0
391,ko-en,ml,False,1,0
392,ko-en,ml,False,1,0
393,ko-en,ml,False,1,0
394,ko-en,ml,False,1,0
395,ko-en,ml,False,1,0
396,ko-en,ml,False,1,0
397,ko-en,ml,True,1,0
398,ko-en,ml,False,1,0
399,ko-en,ml,False,1,0
400,ko-en,ml,True,1,0
401,ko-en,ml,False,1,0
402,ko-en,ml,False,1,0
403,ko-en,ml,False,1,0
404,ko-en,ml,False,1,0
405,ko-en,ml,True,1,0
406,ko-en,ml,False,1,0
407,ko-en,ml,False,1,0
408,ko-en,ml,False,1,0
409,ko-en,ml,False,1,0
410,ko-en,ml,False,1,0
411,ko-en,ml,False,1,0
412,ko-en,ml,False,1,0
413,ko-en,ml,False,1,0
414,ko-en,ml,False,1,0
415,ko-en,ml,False,1,0
416,ko-en,ml,False,1,0
417,ko-en,ml,False,1,0
418,ko-en,ml,False,1,0
419,ko-en,ml,False,1,0
420,ko-en,ml,False,1,0
421,ko-en,ml,False,1,0
422,ko-en,ml,False,1,0
423,ko-en,ml,False,1,0
424,ko-en,ml,False,1,0
425,ko-en,ml,False,1,0
426,ko-en,ml,False,1,0
427,ko-en,ml,False,1,0
428,ko-en,ml,False,1,0
429,ko-en,ml,False,1,0
430,ko-en,ml,False,1,0
431,ko-en,ml,False,1,0
432,ko-en,ml,False,1,0
433,ko-en,ml,False,1,0
434,ko-en,ml,False,1,0
435,ko-en,ml,False,1,0
436,ko-en,ml,False,1,0
437,ko-en,ml,False,1,0
438,ko-en,ml,False,1,0
439,ko-en,ml,False,1,0
440,ko-en,ml,False,1,0
441,ko-en,ml,False,1,0
442,ko-en,ml,False,1,0
443,ko-en,ml,False,1,0
444,ko-en,ml,False,1,0
445,ko-en,ml,False,1,0
446,ko-en,ml,False,1,0
447,ko-en,ml,False,1,0
448,ko-en,ml,False,1,0
449,ko-en,ml,False,1,0
450,ko-en,ml,False,1,0
451,ko-en,ml,False,1,0
452,ko-en,ml,False,1,0
453,ko-en,ml,True,1,0
454,ko-en,ml,False,1,0
455,ko-en,ml,False,1,0
456,ko-en,ml,False,1,0
457,ko-en,ml,True,1,0
458,ko-en,ml,False,1,0
459,ko-en,ml,False,1,0
460,ko-en,ml,False,1,0
461,ko-en,ml,False,1,0
462,ko-en,ml,False,1,0
463,ko-en,ml,True,1,0
464,ko-en,ml,True,1,0
465,ko-en,ml,False,1,0
466,ko-en,ml,True,1,0
467,ko-en,ml,False,1,0
468,ko-en,ml,False,1,0
469,ko-en,ml,False,1,0
470,ko-en,ml,False,1,0
471,ko-en,ml,False,1,0
472,ko-en,ml,False,1,0
473,ko-en,ml,False,1,0
474,ko-en,ml,False,1,0
475,ko-en,ml,False,1,0
476,ko-en,ml,False,1,0
477,ko-en,ml,False,1,0
478,ko-en,ml,False,1,0
479,ko-en,ml,False,1,0
480,ko-en,ml,False,1,0
481,ko-en,ml,False,1,0
482,ko-en,ml,False,1,0
483,ko-en,ml,False,1,0
484,ko-en,ml,False,1,0
485,ko-en,ml,False,1,0
486,ko-en,ml,False,1,0
487,ko-en,ml,False,1,0
488,ko-en,ml,False,1,0
489,ko-en,ml,True,1,0
490,ko-en,ml,False,1,0
491,ko-en,ml,False,1,0
492,ko-en,ml,True,1,0
493,ko-en,ml,False,1,0
494,ko-en,ml,True,1,0
495,ko-en,ml,False,1,0
496,ko-en,ml,False,1,0
497,ko-en,ml,False,1,0
498,ko-en,ml,False,1,0
499,ko-en,ml,False,1,0
500,ko-en,ml,True,1,0
501,ko-en,ml,True,1,0
502,ko-en,ml,False,1,0
503,ko-en,ml,False,1,0
504,ko-en,ml,False,1,0
505,ko-en,ml,False,1,0
506,ko-en,ml,False,1,0
507,ko-en,ml,False,1,0
508,ko-en,ml,False,1,0
509,ko-en,ml,False,1,0
510,ko-en,ml,False,1,0
511,ko-en,ml,False,1,0
512,ko-en,ml,False,1,0
513,ko-en,ml,True,1,0
514,ko-en,ml,False,1,0
515,ko-en,ml,False,1,0
516,ko-en,ml,False,1,0
517,ko-en,ml,True,1,0
518,ko-en,ml,False,1,0
519,ko-en,ml,False,1,0
520,ko-en,ml,False,1,0
521,ko-en,ml,False,1,0
522,ko-en,ml,False,1,0
523,ko-en,ml,False,1,0
524,ko-en,ml,False,1,0
525,ko-en,ml,False,1,0
526,ko-en,ml,False,1,0
527,ko-en,ml,False,1,0
528,ko-en,ml,False,1,0
529,ko-en,ml,False,1,0
530,ko-en,ml,False,1,0
531,ko-en,ml,False,1,0
532,ko-en,ml,False,1,0
533,ko-en,ml,False,1,0
534,ko-en,ml,False,1,0
535,ko-en,ml,False,1,0
536,ko-en,ml,False,1,0
537,ko-en,ml,False,1,0
538,ko-en,ml,False,1,0
539,ko-en,ml,False,1,0
540,ko-en,ml,False,1,0
541,ko-en,ml,False,1,0
542,ko-en,ml,False,1,0
543,ko-en,ml,True,1,0
544,ko-en,ml,False,1,0
545,ko-en,ml,False,1,0
546,ko-en,ml,False,1,0
547,ko-en,ml,False,1,0
548,ko-en,ml,False,1,0
549,ko-en,ml,False,1,0
550,ko-en,ml,False,1,0
551,ko-en,ml,False,1,0
552,ko-en,ml,False,1,0
553,ko-en,ml,False,1,0
554,ko-en,ml,True,1,0
555,ko-en,ml,False,1,0
556,ko-en,ml,False,1,0
557,ko-en,ml,False,1,0
558,ko-en,ml,True,1,0
559,ko-en,ml,False,1,0
560,ko-en,ml,False,1,0
561,ko-en,ml,False,1,0
562,ko-en,ml,True,1,0
563,ko-en,ml,True,1,0
564,ko-en,ml,True,1,0
565,ko-en,ml,False,1,0
566,ko-en,ml,False,1,0
567,ko-en,ml,False,1,0
568,ko-en,ml,True,1,0
569,ko-en,ml,False,1,0
570,ko-en,ml,False,1,0
571,ko-en,ml,False,1,0
572,ko-en,ml,False,1,0
573,ko-en,ml,False,1,0
574,ko-en,ml,False,1,0
575,ko-en,ml,False,1,0
576,ko-en,ml,True,1,0
577,ko-en,ml,False,1,0
578,ko-en,ml,False,1,0
579,ko-en,ml,False,1,0
580,ko-en,ml,False,1,0
581,ko-en,ml,False,1,0
582,ko-en,ml,False,1,0
583,ko-en,ml,False,1,0
584,ko-en,ml,False,1,0
585,ko-en,ml,True,1,0
586,ko-en,ml,False,1,0
587,ko-en,ml,True,1,0
588,ko-en,ml,True,1,0
589,ko-en,ml,False,1,0
590,ko-en,ml,False,1,0
591,ko-en,ml,False,1,0
592,ko-en,ml,False,1,0
593,ko-en,ml,True,1,0
594,ko-en,ml,False,1,0
595,ko-en,ml,False,1,0
596,ko-en,ml,False,1,0
597,ko-en,ml,False,1,0
598,ko-en,ml,False,1,0
599,ko-en,ml,False,1,0
600,ko-en,ml,False,1,0
601,ko-en,ml,False,1,0
602,ko-en,ml,False,1,0
603,ko-en,ml,False,1,0
604,ko-en,ml,False,1,0
605,ko-en,ml,False,1,0
606,ko-en,ml,False,1,0
607,ko-en,ml,False,1,0
608,ko-en,ml,False,1,0
609,ko-en,ml,True,1,0
610,ko-en,ml,False,1,0
611,ko-en,ml,False,1,0
612,ko-en,ml,False,1,0
613,ko-en,ml,False,1,0
614,ko-en,ml,False,1,0
615,ko-en,ml,False,1,0
616,ko-en,ml,False,1,0
617,ko-en,ml,True,1,0
618,ko-en,ml,False,1,0
619,ko-en,ml,False,1,0
620,ko-en,ml,False,1,0
621,ko-en,ml,False,1,0
622,ko-en,ml,False,1,0
623,ko-en,ml,True,1,0
624,ko-en,ml,True,1,0
625,ko-en,ml,False,1,0
626,ko-en,ml,False,1,0
627,ko-en,ml,False,1,0
628,ko-en,ml,True,1,0
629,ko-en,ml,False,1,0
630,ko-en,ml,False,1,0
631,ko-en,ml,True,1,0
632,ko-en,ml,False,1,0
633,ko-en,ml,False,1,0
634,ko-en,ml,False,1,0
635,ko-en,ml,False,1,0
636,ko-en,ml,False,1,0
637,ko-en,ml,False,1,0
638,ko-en,ml,False,1,0
639,ko-en,ml,False,1,0
640,ko-en,ml,False,1,0
641,ko-en,ml,False,1,0
642,ko-en,ml,False,1,0
643,ko-en,ml,False,1,0
644,ko-en,ml,False,1,0
645,ko-en,ml,True,1,0
646,ko-en,ml,False,1,0
647,ko-en,ml,True,1,0
648,ko-en,ml,False,1,0
649,ko-en,ml,False,1,0
650,ko-en,ml,False,1,0
651,ko-en,ml,False,1,0
652,ko-en,ml,False,1,0
653,ko-en,ml,False,1,0
654,ko-en,ml,False,1,0
655,ko-en,ml,False,1,0
656,ko-en,ml,False,1,0
657,ko-en,ml,False,1,0
658,ko-en,ml,False,1,0
659,ko-en,ml,False,1,0
660,ko-en,ml,False,1,0
661,ko-en,ml,False,1,0
662,ko-en,ml,False,1,0
663,ko-en,ml,False,1,0
664,ko-en,ml,False,1,0
665,ko-en,ml,False,1,0
666,ko-en,ml,False,1,0
667,ko-en,ml,False,1,0
668,ko-en,ml,False,1,0
669,ko-en,ml,False,1,0
670,ko-en,ml,True,1,0
671,ko-en,ml,False,1,0
672,ko-en,ml,False,1,0
673,ko-en,ml,False,1,0
674,ko-en,ml,False,1,0
675,ko-en,ml,False,1,0
676,ko-en,ml,False,1,0
677,ko-en,ml,False,1,0
678,ko-en,ml,False,1,0
679,ko-en,ml,False,1,0
680,ko-en,ml,False,1,0
681,ko-en,ml,True,1,0
682,ko-en,ml,False,1,0
683,ko-en,ml,False,1,0
684,ko-en,ml,False,1,0
685,ko-en,ml,False,1,0
686,ko-en,ml,False,1,0
687,ko-en,ml,False,1,0
688,ko-en,ml,False,1,0
689,ko-en,ml,False,1,0
690,ko-en,ml,False,1,0
691,ko-en,ml,False,1,0
692,ko-en,ml,False,1,0
693,ko-en,ml,False,1,0
694,ko-en,ml,False,1,0
695,ko-en,ml,False,1,0
696,ko-en,ml,False,1,0
697,ko-en,ml,False,1,0
698,ko-en,ml,False,1,0
699,ko-en,ml,False,1,0
700,ko-en,ml,False,1,0
701,ko-en,ml,False,1,0
702,ko-en,ml,False,1,0
703,ko-en,ml,False,1,0
704,ko-en,ml,False,1,0
705,ko-en,ml,False,1,0
706,ko-en,ml,False,1,0
707,ko-en,ml,False,1,0
708,ko-en,ml,False,1,0
709,ko-en,ml,False,1,0
710,ko-en,ml,False,1,0
711,ko-en,ml,False,1,0
712,ko-en,ml,False,1,0
713,ko-en,ml,False,1,0
714,ko-en,ml,False,1,0
715,ko-en,ml,True,1,0
716,ko-en,ml,False,1,0
717,ko-en,ml,False,1,0
718,ko-en,ml,False,1,0
719,ko-en,ml,False,1,0
720,ko-en,ml,False,1,0
721,ko-en,ml,True,1,0
722,ko-en,ml,False,1,0
723,ko-en,ml,False,1,0
724,ko-en,ml,False,1,0
725,ko-en,ml,False,1,0
726,ko-en,ml,False,1,0
727,ko-en,ml,False,1,0
728,ko-en,ml,False,1,0
729,ko-en,ml,False,1,0
730,ko-en,ml,False,1,0
731,ko-en,ml,False,1,0
732,ko-en,ml,True,1,0
733,ko-en,ml,False,1,0
734,ko-en,ml,True,1,0
735,ko-en,ml,False,1,0
736,ko-en,ml,False,1,0
737,ko-en,ml,False,1,0
738,ko-en,ml,False,1,0
739,ko-en,ml,False,1,0
740,ko-en,ml,False,1,0
741,ko-en,ml,False,1,0
742,ko-en,ml,False,1,0
743,ko-en,ml,False,1,0
744,ko-en,ml,False,1,0
745,ko-en,ml,False,1,0
746,ko-en,ml,False,1,0
747,ko-en,ml,False,1,0
748,ko-en,ml,False,1,0
749,ko-en,ml,False,1,0
750,ko-en,ml,False,1,0
751,ko-en,ml,False,1,0
752,ko-en,ml,False,1,0
753,ko-en,ml,True,1,0
754,ko-en,ml,False,1,0
755,ko-en,ml,False,1,0
756,ko-en,ml,True,1,0
757,ko-en,ml,False,1,0
758,ko-en,ml,False,1,0
759,ko-en,ml,True,1,0
760,ko-en,ml,False,1,0
761,ko-en,ml,False,1,0
762,ko-en,ml,False,1,0
763,ko-en,ml,False,1,0
764,ko-en,ml,False,1,0
765,ko-en,ml,False,1,0
766,ko-en,ml,False,1,0
767,ko-en,ml,False,1,0
768,ko-en,ml,False,1,0
769,ko-en,ml,False,1,0
770,ko-en,ml,False,1,0
771,ko-en,ml,False,1,0
772,ko-en,ml,False,1,0
773,ko-en,ml,True,1,0
774,ko-en,ml,True,1,0
775,ko-en,ml,False,1,0
776,ko-en,ml,False,1,0
777,ko-en,ml,False,1,0
778,ko-en,ml,False,1,0
779,ko-en,ml,False,1,0
780,ko-en,ml,False,1,0
781,ko-en,ml,False,1,0
782,ko-en,ml,False,1,0
783,ko-en,ml,False,1,0
784,ko-en,ml,False,1,0
785,ko-en,ml,False,1,0
786,ko-en,ml,False,1,0
787,ko-en,ml,True,1,0
788,ko-en,ml,False,1,0
789,ko-en,ml,False,1,0
790,ko-en,ml,False,1,0
791,ko-en,ml,False,1,0
792,ko-en,ml,False,1,0
793,ko-en,ml,False,1,0
794,ko-en,ml,False,1,0
795,ko-en,ml,False,1,0
796,ko-en,ml,False,1,0
797,ko-en,ml,False,1,0
798,ko-en,ml,False,1,0
799,ko-en,ml,False,1,0
800,ko-en,ml,False,1,0
801,ko-en,ml,False,1,0
802,ko-en,ml,False,1,0
803,ko-en,ml,False,1,0
804,ko-en,ml,False,1,0
805,ko-en,ml,False,1,0
806,ko-en,ml,False,1,0
807,ko-en,ml,False,1,0
808,ko-en,ml,False,1,0
809,ko-en,ml,False,1,0
810,ko-en,ml,False,1,0
811,ko-en,ml,False,1,0
812,ko-en,ml,False,1,0
813,ko-en,ml,False,1,0
814,ko-en,ml,False,1,0
815,ko-en,ml,False,1,0
816,ko-en,ml,False,1,0
817,ko-en,ml,False,1,0
818,ko-en,ml,False,1,0
819,ko-en,ml,False,1,0
820,ko-en,ml,False,1,0
821,ko-en,ml,False,1,0
822,ko-en,ml,False,1,0
823,ko-en,ml,False,1,0
824,ko-en,ml,True,1,0
825,ko-en,ml,False,1,0
826,ko-en,ml,False,1,0
827,ko-en,ml,False,1,0
828,ko-en,ml,False,1,0
829,ko-en,ml,False,1,0
830,ko-en,ml,True,1,0
831,ko-en,ml,False,1,0
832,ko-en,ml,False,1,0
833,ko-en,ml,False,1,0
834,ko-en,ml,False,1,0
835,ko-en,ml,False,1,0
836,ko-en,ml,False,1,0
837,ko-en,ml,False,1,0
838,ko-en,ml,False,1,0
839,ko-en,ml,False,1,0
840,ko-en,ml,False,1,0
841,ko-en,ml,False,1,0
842,ko-en,ml,False,1,0
843,ko-en,ml,True,1,0
844,ko-en,ml,False,1,0
845,ko-en,ml,False,1,0
846,ko-en,ml,False,1,0
847,ko-en,ml,False,1,0
848,ko-en,ml,False,1,0
849,ko-en,ml,False,1,0
850,ko-en,ml,False,1,0
851,ko-en,ml,False,1,0
852,ko-en,ml,False,1,0
853,ko-en,ml,False,1,0
854,ko-en,ml,False,1,0
855,ko-en,ml,False,1,0
856,ko-en,ml,False,1,0
857,ko-en,ml,False,1,0
858,ko-en,ml,False,1,0
859,ko-en,ml,False,1,0
860,ko-en,ml,False,1,0
861,ko-en,ml,False,1,0
862,ko-en,ml,False,1,0
863,ko-en,ml,False,1,0
864,ko-en,ml,False,1,0
865,ko-en,ml,False,1,0
866,ko-en,ml,True,1,0
867,ko-en,ml,False,1,0
868,ko-en,ml,False,1,0
869,ko-en,ml,False,1,0
870,ko-en,ml,False,1,0
871,ko-en,ml,False,1,0
872,ko-en,ml,False,1,0
873,ko-en,ml,False,1,0
874,ko-en,ml,False,1,0
875,ko-en,ml,True,1,0
876,ko-en,ml,False,1,0
877,ko-en,ml,False,1,0
878,ko-en,ml,False,1,0
879,ko-en,ml,False,1,0
880,ko-en,ml,False,1,0
881,ko-en,ml,False,1,0
882,ko-en,ml,False,1,0
883,ko-en,ml,False,1,0
884,ko-en,ml,False,1,0
885,ko-en,ml,False,1,0
886,ko-en,ml,False,1,0
887,ko-en,ml,False,1,0
888,ko-en,ml,False,1,0
889,ko-en,ml,False,1,0
890,ko-en,ml,False,1,0
891,ko-en,ml,False,1,0
892,ko-en,ml,False,1,0
893,ko-en,ml,False,1,0
894,ko-en,ml,False,1,0
895,ko-en,ml,False,1,0
896,ko-en,ml,False,1,0
897,ko-en,ml,False,1,0
898,ko-en,ml,False,1,0
899,ko-en,ml,False,1,0
900,ko-en,ml,False,1,0
901,ko-en,ml,False,1,0
902,ko-en,ml,False,1,0
903,ko-en,ml,False,1,0
904,ko-en,ml,False,1,0
905,ko-en,ml,False,1,0
906,ko-en,ml,False,1,0
907,ko-en,ml,True,1,0
908,ko-en,ml,False,1,0
909,ko-en,ml,False,1,0
910,ko-en,ml,False,1,0
911,ko-en,ml,False,1,0
912,ko-en,ml,False,1,0
913,ko-en,ml,False,1,0
914,ko-en,ml,False,1,0
915,ko-en,ml,False,1,0
916,ko-en,ml,False,1,0
917,ko-en,ml,True,1,0
918,ko-en,ml,False,1,0
919,ko-en,ml,False,1,0
920,ko-en,ml,False,1,0
921,ko-en,ml,True,1,0
922,ko-en,ml,False,1,0
923,ko-en,ml,False,1,0
924,ko-en,ml,False,1,0
925,ko-en,ml,False,1,0
926,ko-en,ml,False,1,0
927,ko-en,ml,False,1,0
928,ko-en,ml,False,1,0
929,ko-en,ml,False,1,0
930,ko-en,ml,False,1,0
931,ko-en,ml,False,1,0
932,ko-en,ml,False,1,0
933,ko-en,ml,False,1,0
934,ko-en,ml,True,1,0
935,ko-en,ml,False,1,0
936,ko-en,ml,False,1,0
937,ko-en,ml,False,1,0
938,ko-en,ml,False,1,0
939,ko-en,ml,False,1,0
940,ko-en,ml,False,1,0
941,ko-en,ml,False,1,0
942,ko-en,ml,False,1,0
943,ko-en,ml,False,1,0
944,ko-en,ml,False,1,0
945,ko-en,ml,False,1,0
946,ko-en,ml,False,1,0
947,ko-en,ml,False,1,0
948,ko-en,ml,False,1,0
949,ko-en,ml,False,1,0
950,ko-en,ml,False,1,0
951,ko-en,ml,False,1,0
952,ko-en,ml,False,1,0
953,ko-en,ml,False,1,0
954,ko-en,ml,False,1,0
955,ko-en,ml,False,1,0
956,ko-en,ml,False,1,0
957,ko-en,ml,False,1,0
958,ko-en,ml,False,1,0
959,ko-en,ml,False,1,0
960,ko-en,ml,False,1,0
961,ko-en,ml,False,1,0
962,ko-en,ml,False,1,0
963,ko-en,ml,False,1,0
964,ko-en,ml,True,1,0
965,ko-en,ml,False,1,0
966,ko-en,ml,False,1,0
967,ko-en,ml,False,1,0
968,ko-en,ml,False,1,0
969,ko-en,ml,False,1,0
970,ko-en,ml,True,1,0
971,ko-en,ml,False,1,0
972,ko-en,ml,False,1,0
973,ko-en,ml,True,1,0
974,ko-en,ml,False,1,0
975,ko-en,ml,False,1,0
976,ko-en,ml,False,1,0
977,ko-en,ml,False,1,0
978,ko-en,ml,False,1,0
979,ko-en,ml,False,1,0
980,ko-en,ml,True,1,0
981,ko-en,ml,False,1,0
982,ko-en,ml,False,1,0
983,ko-en,ml,False,1,0
984,ko-en,ml,False,1,0
985,ko-en,ml,False,1,0
986,ko-en,ml,False,1,0
987,ko-en,ml,False,1,0
988,ko-en,ml,True,1,0
989,ko-en,ml,False,1,0
990,ko-en,ml,True,1,0
991,ko-en,ml,False,1,0
992,ko-en,ml,False,1,0
993,ko-en,ml,False,1,0
994,ko-en,ml,True,1,0
995,ko-en,ml,False,1,0
996,ko-en,ml,False,1,0
997,ko-en,ml,True,1,0
998,ko-en,ml,False,1,0
999,ko-en,ml,True,1,0
1000,ko-en,ml,False,1,0
1001,ko-en,ml,False,1,0
1002,ko-en,ml,False,1,0
1003,ko-en,ml,False,1,0
1004,ko-en,ml,False,1,0
1005,ko-en,ml,True,1,0
1006,ko-en,ml,True,1,0
1007,ko-en,ml,False,1,0
1008,ko-en,ml,False,1,0
1009,ko-en,ml,False,1,0
1010,ko-en,ml,False,1,0
1011,ko-en,ml,False,1,0
1012,ko-en,ml,False,1,0
1013,ko-en,ml,False,1,0
1014,ko-en,ml,False,1,0
1015,ko-en,ml,False,1,0
1016,ko-en,ml,False,1,0
1017,ko-en,ml,True,1,0
1018,ko-en,ml,False,1,0
1019,ko-en,ml,False,1,0
1020,ko-en,ml,False,1,0
1021,ko-en,ml,False,1,0
1022,ko-en,ml,False,1,0
1023,ko-en,ml,False,1,0
1024,ko-en,ml,False,1,0
1025,ko-en,ml,False,1,0
1026,ko-en,ml,False,1,0
1027,ko-en,ml,False,1,0
1028,ko-en,ml,False,1,0
1029,ko-en,ml,True,1,0
1030,ko-en,ml,False,1,0
1031,ko-en,ml,False,1,0
1032,ko-en,ml,False,1,0
1033,ko-en,ml,False,1,0
1034,ko-en,ml,True,1,0
1035,ko-en,ml,False,1,0
1036,ko-en,ml,False,1,0
1037,ko-en,ml,False,1,0
1038,ko-en,ml,False,1,0
1039,ko-en,ml,False,1,0
1040,ko-en,ml,False,1,0
1041,ko-en,ml,False,1,0
1042,ko-en,ml,False,1,0
1043,ko-en,ml,False,1,0
1044,ko-en,ml,False,1,0
1045,ko-en,ml,False,1,0
1046,ko-en,ml,True,1,0
1047,ko-en,ml,False,1,0
1048,ko-en,ml,False,1,0
1049,ko-en,ml,False,1,0
1050,ko-en,ml,False,1,0
1051,ko-en,ml,False,1,0
1052,ko-en,ml,False,1,0
1053,ko-en,ml,False,1,0
1054,ko-en,ml,False,1,0
1055,ko-en,ml,False,1,0
1056,ko-en,ml,False,1,0
1057,ko-en,ml,False,1,0
1058,ko-en,ml,False,1,0
1059,ko-en,ml,False,1,0
1060,ko-en,ml,False,1,0
1061,ko-en,ml,False,1,0
1062,ko-en,ml,False,1,0
1063,ko-en,ml,False,1,0
1064,ko-en,ml,False,1,0
1065,ko-en,ml,False,1,0
1066,ko-en,ml,False,1,0
1067,ko-en,ml,False,1,0
1068,ko-en,ml,True,1,0
1069,ko-en,ml,False,1,0
1070,ko-en,ml,False,1,0
1071,ko-en,ml,False,1,0
1072,ko-en,ml,False,1,0
1073,ko-en,ml,False,1,0
1074,ko-en,ml,False,1,0
1075,ko-en,ml,True,1,0
1076,ko-en,ml,False,1,0
1077,ko-en,ml,False,1,0
1078,ko-en,ml,False,1,0
1079,ko-en,ml,True,1,0
1080,ko-en,ml,False,1,0
1081,ko-en,ml,False,1,0
1082,ko-en,ml,False,1,0
1083,ko-en,ml,False,1,0
1084,ko-en,ml,False,1,0
1085,ko-en,ml,True,1,0
1086,ko-en,ml,False,1,0
1087,ko-en,ml,True,1,0
1088,ko-en,ml,False,1,0
1089,ko-en,ml,False,1,0
1090,ko-en,ml,False,1,0
1091,ko-en,ml,False,1,0
1092,ko-en,ml,False,1,0
1093,ko-en,ml,True,1,0
1094,ko-en,ml,False,1,0
1095,ko-en,ml,False,1,0
1096,ko-en,ml,False,1,0
1097,ko-en,ml,False,1,0
1098,ko-en,ml,False,1,0
1099,ko-en,ml,False,1,0
1100,ko-en,ml,True,1,0
1101,ko-en,ml,False,1,0
1102,ko-en,ml,False,1,0
1103,ko-en,ml,False,1,0
1104,ko-en,ml,False,1,0
1105,ko-en,ml,True,1,0
1106,ko-en,ml,False,1,0
1107,ko-en,ml,False,1,0
1108,ko-en,ml,False,1,0
1109,ko-en,ml,False,1,0
1110,ko-en,ml,False,1,0
1111,ko-en,ml,False,1,0
1112,ko-en,ml,False,1,0
1113,ko-en,ml,False,1,0
1114,ko-en,ml,False,1,0
1115,ko-en,ml,False,1,0
1116,ko-en,ml,False,1,0
1117,ko-en,ml,True,1,0
1118,ko-en,ml,False,1,0
1119,ko-en,ml,False,1,0
1120,ko-en,ml,False,1,0
1121,ko-en,ml,False,1,0
1122,ko-en,ml,False,1,0
1123,ko-en,ml,False,1,0
1124,ko-en,ml,False,1,0
1125,ko-en,ml,False,1,0
1126,ko-en,ml,False,1,0
1127,ko-en,ml,False,1,0
1128,ko-en,ml,False,1,0
1129,ko-en,ml,False,1,0
1130,ko-en,ml,False,1,0
1131,ko-en,ml,False,1,0
1132,ko-en,ml,False,1,0
1133,ko-en,ml,True,1,0
1134,ko-en,ml,False,1,0
1135,ko-en,ml,False,1,0
1136,ko-en,ml,False,1,0
1137,ko-en,ml,False,1,0
1138,ko-en,ml,True,1,0
1139,ko-en,ml,False,1,0
1140,ko-en,ml,False,1,0
1141,ko-en,ml,False,1,0
1142,ko-en,ml,False,1,0
1143,ko-en,ml,True,1,0
1144,ko-en,ml,False,1,0
1145,ko-en,ml,False,1,0
1146,ko-en,ml,True,1,0
1147,ko-en,ml,True,1,0
1148,ko-en,ml,False,1,0
1149,ko-en,ml,False,1,0
1150,ko-en,ml,False,1,0
1151,ko-en,ml,False,1,0
1152,ko-en,ml,False,1,0
1153,ko-en,ml,False,1,0
1154,ko-en,ml,True,1,0
1155,ko-en,ml,True,1,0
1156,ko-en,ml,True,1,0
1157,ko-en,ml,False,1,0
1158,ko-en,ml,True,1,0
1159,ko-en,ml,True,1,0
1160,ko-en,ml,True,1,0
1161,ko-en,ml,False,1,0
1162,ko-en,ml,False,1,0
1163,ko-en,ml,False,1,0
1164,ko-en,ml,False,1,0
1165,ko-en,ml,False,1,0
1166,ko-en,ml,False,1,0
1167,ko-en,ml,False,1,0
1168,ko-en,ml,False,1,0
1169,ko-en,ml,False,1,0
1170,ko-en,ml,False,1,0
1171,ko-en,ml,False,1,0
1172,ko-en,ml,True,1,0
1173,ko-en,ml,True,1,0
1174,ko-en,ml,False,1,0
1175,ko-en,ml,False,1,0
1176,ko-en,ml,True,1,0
1177,ko-en,ml,False,1,0
1178,ko-en,ml,False,1,0
1179,ko-en,ml,False,1,0
1180,ko-en,ml,False,1,0
1181,ko-en,ml,False,1,0
1182,ko-en,ml,False,1,0
1183,ko-en,ml,False,1,0
1184,ko-en,ml,False,1,0
1185,ko-en,ml,False,1,0
1186,ko-en,ml,False,1,0
1187,ko-en,ml,False,1,0
1188,ko-en,ml,False,1,0
1189,ko-en,ml,False,1,0
1190,ko-en,ml,False,1,0
1191,ko-en,ml,True,1,0
1192,ko-en,ml,False,1,0
1193,ko-en,ml,False,1,0
1194,ko-en,ml,False,1,0
1195,ko-en,ml,True,1,0
1196,ko-en,ml,False,1,0
1197,ko-en,ml,False,1,0
1198,ko-en,ml,False,1,0
1199,ko-en,ml,False,1,0
1200,ko-en,ml,False,1,0
1201,ko-en,ml,False,1,0
1202,ko-en,ml,False,1,0
1203,ko-en,ml,False,1,0
1204,ko-en,ml,False,1,0
1205,ko-en,ml,False,1,0
1206,ko-en,ml,False,1,0
1207,ko-en,ml,False,1,0
1208,ko-en,ml,False,1,0
1209,ko-en,ml,False,1,0
1210,ko-en,ml,False,1,0
1211,ko-en,ml,True,1,0
1212,ko-en,ml,False,1,0
1213,ko-en,ml,True,1,0
1214,ko-en,ml,False,1,0
1215,ko-en,ml,False,1,0
1216,ko-en,ml,False,1,0
1217,ko-en,ml,False,1,0
1218,ko-en,ml,False,1,0
1219,ko-en,ml,False,1,0
1220,ko-en,ml,False,1,0
1221,ko-en,ml,False,1,0
1222,ko-en,ml,False,1,0
1223,ko-en,ml,False,1,0
1224,ko-en,ml,False,1,0
1225,ko-en,ml,False,1,0
1226,ko-en,ml,False,1,0
1227,ko-en,ml,False,1,0
1228,ko-en,ml,False,1,0
1229,ko-en,ml,False,1,0
1230,ko-en,ml,False,1,0
1231,ko-en,ml,False,1,0
1232,ko-en,ml,False,1,0
1233,ko-en,ml,False,1,0
1234,ko-en,ml,False,1,0
1235,ko-en,ml,False,1,0
1236,ko-en,ml,False,1,0
1237,ko-en,ml,False,1,0
1238,ko-en,ml,False,1,0
1239,ko-en,ml,False,1,0
1240,ko-en,ml,False,1,0
1241,ko-en,ml,False,1,0
1242,ko-en,ml,False,1,0
1243,ko-en,ml,False,1,0
1244,ko-en,ml,False,1,0
1245,ko-en,ml,False,1,0
1246,ko-en,ml,True,1,0
1247,ko-en,ml,False,1,0
1248,ko-en,ml,True,1,0
1249,ko-en,ml,True,1,0
1250,ko-en,ml,False,1,0
1251,ko-en,ml,True,1,0
1252,ko-en,ml,False,1,0
1253,ko-en,ml,False,1,0
1254,ko-en,ml,False,1,0
1255,ko-en,ml,False,1,0
1256,ko-en,ml,False,1,0
1257,ko-en,ml,False,1,0
1258,ko-en,ml,False,1,0
1259,ko-en,ml,False,1,0
1260,ko-en,ml,False,1,0
1261,ko-en,ml,False,1,0
1262,ko-en,ml,False,1,0
1263,ko-en,ml,False,1,0
1264,ko-en,ml,False,1,0
1265,ko-en,ml,False,1,0
1266,ko-en,ml,False,1,0
1267,ko-en,ml,False,1,0
1268,ko-en,ml,False,1,0
1269,ko-en,ml,False,1,0
1270,ko-en,ml,False,1,0
1271,ko-en,ml,False,1,0
1272,ko-en,ml,False,1,0
1273,ko-en,ml,False,1,0
1274,ko-en,ml,False,1,0
1275,ko-en,ml,False,1,0
1276,ko-en,ml,True,1,0
1277,ko-en,ml,True,1,0
1278,ko-en,ml,False,1,0
1279,ko-en,ml,False,1,0
1280,ko-en,ml,True,1,0
1281,ko-en,ml,False,1,0
1282,ko-en,ml,False,1,0
1283,ko-en,ml,False,1,0
1284,ko-en,ml,False,1,0
1285,ko-en,ml,False,1,0
1286,ko-en,ml,False,1,0
1287,ko-en,ml,False,1,0
1288,ko-en,ml,True,1,0
1289,ko-en,ml,False,1,0
1290,ko-en,ml,False,1,0
1291,ko-en,ml,False,1,0
1292,ko-en,ml,False,1,0
1293,ko-en,ml,False,1,0
1294,ko-en,ml,False,1,0
1295,ko-en,ml,False,1,0
1296,ko-en,ml,False,1,0
1297,ko-en,ml,False,1,0
1298,ko-en,ml,False,1,0
1299,ko-en,ml,False,1,0
1300,ko-en,ml,False,1,0
1301,ko-en,ml,True,1,0
1302,ko-en,ml,False,1,0
1303,ko-en,ml,False,1,0
1304,ko-en,ml,False,1,0
1305,ko-en,ml,False,1,0
1306,ko-en,ml,False,1,0
1307,ko-en,ml,False,1,0
1308,ko-en,ml,False,1,0
1309,ko-en,ml,False,1,0
1310,ko-en,ml,True,1,0
1311,ko-en,ml,False,1,0
1312,ko-en,ml,False,1,0
1313,ko-en,ml,False,1,0
1314,ko-en,ml,False,1,0
1315,ko-en,ml,True,1,0
1316,ko-en,ml,False,1,0
1317,ko-en,ml,False,1,0
1318,ko-en,ml,False,1,0
1319,ko-en,ml,False,1,0
1320,ko-en,ml,False,1,0
1321,ko-en,ml,False,1,0
1322,ko-en,ml,False,1,0
1323,ko-en,ml,False,1,0
1324,ko-en,ml,False,1,0
1325,ko-en,ml,False,1,0
1326,ko-en,ml,False,1,0
1327,ko-en,ml,True,1,0
1328,ko-en,ml,False,1,0
1329,ko-en,ml,False,1,0
1330,ko-en,ml,True,1,0
1331,ko-en,ml,False,1,0
1332,ko-en,ml,False,1,0
1333,ko-en,ml,False,1,0
1334,ko-en,ml,False,1,0
1335,ko-en,ml,False,1,0
1336,ko-en,ml,False,1,0
1337,ko-en,ml,False,1,0
1338,ko-en,ml,False,1,0
1339,ko-en,ml,False,1,0
1340,ko-en,ml,False,1,0
1341,ko-en,ml,False,1,0
1342,ko-en,ml,False,1,0
1343,ko-en,ml,False,1,0
1344,ko-en,ml,False,1,0
1345,ko-en,ml,False,1,0
1346,ko-en,ml,False,1,0
1347,ko-en,ml,False,1,0
1348,ko-en,ml,False,1,0
1349,ko-en,ml,False,1,0
1350,ko-en,ml,False,1,0
1351,ko-en,ml,False,1,0
1352,ko-en,ml,False,1,0
1353,ko-en,ml,False,1,0
1354,ko-en,ml,True,1,0
1355,ko-en,ml,False,1,0
1356,ko-en,ml,False,1,0
1357,ko-en,ml,False,1,0
1358,ko-en,ml,False,1,0
1359,ko-en,ml,False,1,0
1360,ko-en,ml,False,1,0
1361,ko-en,ml,False,1,0
1362,ko-en,ml,False,1,0
1363,ko-en,ml,True,1,0
1364,ko-en,ml,False,1,0
1365,ko-en,ml,False,1,0
1366,ko-en,ml,False,1,0
1367,ko-en,ml,False,1,0
1368,ko-en,ml,False,1,0
1369,ko-en,ml,False,1,0
1370,ko-en,ml,False,1,0
1371,ko-en,ml,False,1,0
1372,ko-en,ml,False,1,0
1373,ko-en,ml,False,1,0
1374,ko-en,ml,False,1,0
1375,ko-en,ml,False,1,0
1376,ko-en,ml,False,1,0
1377,ko-en,ml,False,1,0
1378,ko-en,ml,False,1,0
1379,ko-en,ml,False,1,0
1380,ko-en,ml,False,1,0
1381,ko-en,ml,False,1,0
1382,ko-en,ml,False,1,0
1383,ko-en,ml,True,1,0
1384,ko-en,ml,False,1,0
1385,ko-en,ml,False,1,0
1386,ko-en,ml,False,1,0
1387,ko-en,ml,False,1,0
1388,ko-en,ml,False,1,0
1389,ko-en,ml,False,1,0
1390,ko-en,ml,False,1,0
1391,ko-en,ml,False,1,0
1392,ko-en,ml,False,1,0
1393,ko-en,ml,False,1,0
1394,ko-en,ml,False,1,0
1395,ko-en,ml,False,1,0
1396,ko-en,ml,False,1,0
1397,ko-en,ml,False,1,0
1398,ko-en,ml,False,1,0
1399,ko-en,ml,False,1,0
1400,ko-en,ml,False,1,0
1401,ko-en,ml,False,1,0
1402,ko-en,ml,False,1,0
1403,ko-en,ml,False,1,0
1404,ko-en,ml,False,1,0
1405,ko-en,ml,False,1,0
1406,ko-en,ml,False,1,0
1407,ko-en,ml,False,1,0
1408,ko-en,ml,False,1,0
1409,ko-en,ml,False,1,0
1410,ko-en,ml,False,1,0
1411,ko-en,ml,False,1,0
1412,ko-en,ml,False,1,0
1413,ko-en,ml,False,1,0
1414,ko-en,ml,False,1,0
1415,ko-en,ml,False,1,0
1416,ko-en,ml,True,1,0
1417,ko-en,ml,False,1,0
1418,ko-en,ml,False,1,0
1419,ko-en,ml,False,1,0
1420,ko-en,ml,False,1,0
1421,ko-en,ml,True,1,0
1422,ko-en,ml,False,1,0
1423,ko-en,ml,False,1,0
1424,ko-en,ml,False,1,0
1425,ko-en,ml,False,1,0
1426,ko-en,ml,True,1,0
1427,ko-en,ml,False,1,0
1428,ko-en,ml,False,1,0
1429,ko-en,ml,False,1,0
1430,ko-en,ml,False,1,0
1431,ko-en,ml,False,1,0
1432,ko-en,ml,False,1,0
1433,ko-en,ml,False,1,0
1434,ko-en,ml,False,1,0
1435,ko-en,ml,False,1,0
1436,ko-en,ml,False,1,0
1437,ko-en,ml,False,1,0
1438,ko-en,ml,False,1,0
1439,ko-en,ml,False,1,0
1440,ko-en,ml,False,1,0
1441,ko-en,ml,True,1,0
1442,ko-en,ml,False,1,0
1443,ko-en,ml,False,1,0
1444,ko-en,ml,False,1,0
1445,ko-en,ml,False,1,0
1446,ko-en,ml,False,1,0
1447,ko-en,ml,False,1,0
1448,ko-en,ml,False,1,0
1449,ko-en,ml,True,1,0
1450,ko-en,ml,False,1,0
1451,ko-en,ml,False,1,0
1452,ko-en,ml,False,1,0
1453,ko-en,ml,False,1,0
1454,ko-en,ml,False,1,0
1455,ko-en,ml,False,1,0
1456,ko-en,ml,False,1,0
1457,ko-en,ml,False,1,0
1458,ko-en,ml,False,1,0
1459,ko-en,ml,False,1,0
1460,ko-en,ml,False,1,0
1461,ko-en,ml,False,1,0
1462,ko-en,ml,False,1,0
1463,ko-en,ml,True,1,0
1464,ko-en,ml,False,1,0
1465,ko-en,ml,False,1,0
1466,ko-en,ml,False,1,0
1467,ko-en,ml,False,1,0
1468,ko-en,ml,False,1,0
1469,ko-en,ml,False,1,0
1470,ko-en,ml,False,1,0
1471,ko-en,ml,False,1,0
1472,ko-en,ml,True,1,0
1473,ko-en,ml,False,1,0
1474,ko-en,ml,False,1,0
1475,ko-en,ml,False,1,0
1476,ko-en,ml,False,1,0
1477,ko-en,ml,False,1,0
1478,ko-en,ml,False,1,0
1479,ko-en,ml,False,1,0
1480,ko-en,ml,False,1,0
1481,ko-en,ml,False,1,0
1482,ko-en,ml,False,1,0
1483,ko-en,ml,False,1,0
1484,ko-en,ml,False,1,0
1485,ko-en,ml,False,1,0
1486,ko-en,ml,False,1,0
1487,ko-en,ml,False,1,0
1488,ko-en,ml,False,1,0
1489,ko-en,ml,True,1,0
1490,ko-en,ml,False,1,0
1491,ko-en,ml,False,1,0
1492,ko-en,ml,True,1,0
1493,ko-en,ml,False,1,0
1494,ko-en,ml,False,1,0
1495,ko-en,ml,False,1,0
1496,ko-en,ml,False,1,0
1497,ko-en,ml,False,1,0
1498,ko-en,ml,False,1,0
1499,ko-en,ml,False,1,0
1500,ko-en,ml,True,1,0
1501,ko-en,ml,False,1,0
1502,ko-en,ml,False,1,0
1503,ko-en,ml,False,1,0
1504,ko-en,ml,False,1,0
1505,ko-en,ml,False,1,0
1506,ko-en,ml,False,1,0
1507,ko-en,ml,False,1,0
1508,ko-en,ml,False,1,0
1509,ko-en,ml,False,1,0
1510,ko-en,ml,False,1,0
1511,ko-en,ml,False,1,0
1512,ko-en,ml,False,1,0
1513,ko-en,ml,False,1,0
1514,ko-en,ml,False,1,0
1515,ko-en,ml,False,1,0
1516,ko-en,ml,False,1,0
1517,ko-en,ml,False,1,0
1518,ko-en,ml,False,1,0
1519,ko-en,ml,False,1,0
1520,ko-en,ml,False,1,0
1521,ko-en,ml,False,1,0
1522,ko-en,ml,False,1,0
1523,ko-en,ml,True,1,0
1524,ko-en,ml,False,1,0
1525,ko-en,ml,False,1,0
1526,ko-en,ml,False,1,0
1527,ko-en,ml,True,1,0
1528,ko-en,ml,False,1,0
1529,ko-en,ml,False,1,0
1530,ko-en,ml,False,1,0
1531,ko-en,ml,False,1,0
1532,ko-en,ml,False,1,0
1533,ko-en,ml,False,1,0
1534,ko-en,ml,True,1,0
1535,ko-en,ml,False,1,0
1536,ko-en,ml,False,1,0
1537,ko-en,ml,False,1,0
1538,ko-en,ml,False,1,0
1539,ko-en,ml,False,1,0
1540,ko-en,ml,False,1,0
1541,ko-en,ml,True,1,0
1542,ko-en,ml,False,1,0
1543,ko-en,ml,False,1,0
1544,ko-en,ml,True,1,0
1545,ko-en,ml,False,1,0
1546,ko-en,ml,False,1,0
1547,ko-en,ml,False,1,0
1548,ko-en,ml,False,1,0
1549,ko-en,ml,False,1,0
1550,ko-en,ml,False,1,0
1551,ko-en,ml,False,1,0
1552,ko-en,ml,False,1,0
1553,ko-en,ml,True,1,0
1554,ko-en,ml,False,1,0
1555,ko-en,ml,False,1,0
1556,ko-en,ml,False,1,0
1557,ko-en,ml,True,1,0
1558,ko-en,ml,False,1,0
1559,ko-en,ml,False,1,0
1560,ko-en,ml,False,1,0
1561,ko-en,ml,False,1,0
1562,ko-en,ml,False,1,0
1563,ko-en,ml,False,1,0
1564,ko-en,ml,False,1,0
1565,ko-en,ml,False,1,0
1566,ko-en,ml,False,1,0
1567,ko-en,ml,False,1,0
1568,ko-en,ml,False,1,0
1569,ko-en,ml,False,1,0
1570,ko-en,ml,False,1,0
1571,ko-en,ml,True,1,0
1572,ko-en,ml,False,1,0
1573,ko-en,ml,False,1,0
1574,ko-en,ml,False,1,0
1575,ko-en,ml,False,1,0
1576,ko-en,ml,False,1,0
1577,ko-en,ml,True,1,0
1578,ko-en,ml,True,1,0
1579,ko-en,ml,False,1,0
1580,ko-en,ml,False,1,0
1581,ko-en,ml,False,1,0
1582,ko-en,ml,False,1,0
1583,ko-en,ml,False,1,0
1584,ko-en,ml,False,1,0
1585,ko-en,ml,False,1,0
1586,ko-en,ml,False,1,0
1587,ko-en,ml,False,1,0
1588,ko-en,ml,False,1,0
1589,ko-en,ml,False,1,0
1590,ko-en,ml,False,1,0
1591,ko-en,ml,False,1,0
1592,ko-en,ml,False,1,0
1593,ko-en,ml,False,1,0
1594,ko-en,ml,True,1,0
1595,ko-en,ml,False,1,0
1596,ko-en,ml,True,1,0
1597,ko-en,ml,False,1,0
1598,ko-en,ml,False,1,0
1599,ko-en,ml,True,1,0
1600,ko-en,ml,False,1,0
1601,ko-en,ml,False,1,0
1602,ko-en,ml,False,1,0
1603,ko-en,ml,False,1,0
1604,ko-en,ml,False,1,0
1605,ko-en,ml,False,1,0
1606,ko-en,ml,False,1,0
1607,ko-en,ml,False,1,0
1608,ko-en,ml,False,1,0
1609,ko-en,ml,False,1,0
1610,ko-en,ml,False,1,0
1611,ko-en,ml,False,1,0
1612,ko-en,ml,False,1,0
1613,ko-en,ml,False,1,0
1614,ko-en,ml,False,1,0
1615,ko-en,ml,False,1,0
1616,ko-en,ml,False,1,0
1617,ko-en,ml,False,1,0
1618,ko-en,ml,False,1,0
1619,ko-en,ml,False,1,0
1620,ko-en,ml,True,1,0
1621,ko-en,ml,True,1,0
1622,ko-en,ml,True,1,0
1623,ko-en,ml,False,1,0
1624,ko-en,ml,True,1,0
1625,ko-en,ml,False,1,0
1626,ko-en,ml,False,1,0
1627,ko-en,ml,False,1,0
1628,ko-en,ml,True,1,0
1629,ko-en,ml,True,1,0
1630,ko-en,ml,False,1,0
1631,ko-en,ml,False,1,0
1632,ko-en,ml,False,1,0
1633,ko-en,ml,False,1,0
1634,ko-en,ml,True,1,0
1635,ko-en,ml,False,1,0
1636,ko-en,ml,True,1,0
1637,ko-en,ml,False,1,0
1638,ko-en,ml,False,1,0
1639,ko-en,ml,True,1,0
1640,ko-en,ml,False,1,0
1641,ko-en,ml,False,1,0
1642,ko-en,ml,True,1,0
1643,ko-en,ml,False,1,0
1644,ko-en,ml,False,1,0
1645,ko-en,ml,False,1,0
1646,ko-en,ml,False,1,0
1647,ko-en,ml,True,1,0
1648,ko-en,ml,False,1,0
1649,ko-en,ml,False,1,0
1650,ko-en,ml,False,1,0
1651,ko-en,ml,False,1,0
1652,ko-en,ml,False,1,0
1653,ko-en,ml,False,1,0
1654,ko-en,ml,False,1,0
1655,ko-en,ml,False,1,0
1656,ko-en,ml,False,1,0
1657,ko-en,ml,True,1,0
1658,ko-en,ml,False,1,0
1659,ko-en,ml,False,1,0
1660,ko-en,ml,False,1,0
1661,ko-en,ml,False,1,0
1662,ko-en,ml,False,1,0
1663,ko-en,ml,False,1,0
1664,ko-en,ml,True,1,0
1665,ko-en,ml,False,1,0
1666,ko-en,ml,False,1,0
1667,ko-en,ml,False,1,0
1668,ko-en,ml,False,1,0
1669,ko-en,ml,False,1,0
1670,ko-en,ml,False,1,0
1671,ko-en,ml,False,1,0
1672,ko-en,ml,False,1,0
1673,ko-en,ml,False,1,0
1674,ko-en,ml,False,1,0
1675,ko-en,ml,False,1,0
1676,ko-en,ml,True,1,0
1677,ko-en,ml,False,1,0
1678,ko-en,ml,False,1,0
1679,ko-en,ml,False,1,0
1680,ko-en,ml,False,1,0
1681,ko-en,ml,True,1,0
1682,ko-en,ml,False,1,0
1683,ko-en,ml,False,1,0
1684,ko-en,ml,False,1,0
1685,ko-en,ml,False,1,0
1686,ko-en,ml,False,1,0
1687,ko-en,ml,False,1,0
1688,ko-en,ml,True,1,0
1689,ko-en,ml,True,1,0
1690,ko-en,ml,False,1,0
1691,ko-en,ml,False,1,0
1692,ko-en,ml,False,1,0
1693,ko-en,ml,False,1,0
1694,ko-en,ml,False,1,0
1695,ko-en,ml,False,1,0
1696,ko-en,ml,False,1,0
1697,ko-en,ml,False,1,0
1698,ko-en,ml,False,1,0
1699,ko-en,ml,False,1,0
1700,ko-en,ml,False,1,0
1701,ko-en,ml,False,1,0
1702,ko-en,ml,False,1,0
1703,ko-en,ml,True,1,0
1704,ko-en,ml,False,1,0
1705,ko-en,ml,True,1,0
1706,ko-en,ml,False,1,0
1707,ko-en,ml,True,1,0
1708,ko-en,ml,True,1,0
1709,ko-en,ml,False,1,0
1710,ko-en,ml,False,1,0
1711,ko-en,ml,False,1,0
1712,ko-en,ml,False,1,0
1713,ko-en,ml,False,1,0
1714,ko-en,ml,False,1,0
1715,ko-en,ml,False,1,0
1716,ko-en,ml,False,1,0
1717,ko-en,ml,False,1,0
1718,ko-en,ml,True,1,0
1719,ko-en,ml,False,1,0
1720,ko-en,ml,False,1,0
1721,ko-en,ml,False,1,0
1722,ko-en,ml,True,1,0
1723,ko-en,ml,True,1,0
1724,ko-en,ml,True,1,0
1725,ko-en,ml,False,1,0
1726,ko-en,ml,False,1,0
1727,ko-en,ml,False,1,0
1728,ko-en,ml,True,1,0
1729,ko-en,ml,False,1,0
1730,ko-en,ml,False,1,0
1731,ko-en,ml,False,1,0
1732,ko-en,ml,False,1,0
1733,ko-en,ml,True,1,0
1734,ko-en,ml,False,1,0
1735,ko-en,ml,False,1,0
1736,ko-en,ml,False,1,0
1737,ko-en,ml,False,1,0
1738,ko-en,ml,False,1,0
1739,ko-en,ml,False,1,0
1740,ko-en,ml,False,1,0
1741,ko-en,ml,False,1,0
1742,ko-en,ml,False,1,0
1743,ko-en,ml,False,1,0
1744,ko-en,ml,True,1,0
1745,ko-en,ml,False,1,0
1746,ko-en,ml,False,1,0
1747,ko-en,ml,False,1,0
1748,ko-en,ml,False,1,0
1749,ko-en,ml,False,1,0
1750,ko-en,ml,False,1,0
1751,ko-en,ml,False,1,0
1752,ko-en,ml,False,1,0
1753,ko-en,ml,False,1,0
1754,ko-en,ml,False,1,0
1755,ko-en,ml,False,1,0
1756,ko-en,ml,False,1,0
1763,ko-en,ml,False,1,0
1764,ko-en,ml,False,1,0
1765,ko-en,ml,False,1,0
1766,ko-en,ml,False,1,0
1767,ko-en,ml,False,1,0
1768,ko-en,ml,False,1,0
1769,ko-en,ml,False,1,0
1770,ko-en,ml,False,1,0
1771,ko-en,ml,False,1,0
1772,ko-en,ml,False,1,0
1773,ko-en,ml,False,1,0
1774,ko-en,ml,False,1,0
1775,ko-en,ml,False,1,0
1776,ko-en,ml,False,1,0
1777,ko-en,ml,False,1,0
1778,ko-en,ml,False,1,0
1779,ko-en,ml,False,1,0
1780,ko-en,ml,False,1,0
1781,ko-en,ml,False,1,0
1782,ko-en,ml,False,1,0
1783,ko-en,ml,False,1,0
1784,ko-en,ml,False,1,0
1785,ko-en,ml,False,1,0
1786,ko-en,ml,False,1,0
1787,ko-en,ml,False,1,0
1788,ko-en,ml,False,1,0
1789,ko-en,ml,False,1,0
1790,ko-en,ml,False,1,0
1791,ko-en,ml,False,1,0
1792,ko-en,ml,False,1,0
1793,ko-en,ml,False,1,0
1794,ko-en,ml,False,1,0
1795,ko-en,ml,False,1,0
1796,ko-en,ml,True,1,0
1797,ko-en,ml,False,1,0
1798,ko-en,ml,False,1,0
1799,ko-en,ml,False,1,0
1800,ko-en,ml,False,1,0
1801,ko-en,ml,False,1,0
1802,ko-en,ml,False,1,0
1803,ko-en,ml,False,1,0
1804,ko-en,ml,False,1,0
1805,ko-en,ml,False,1,0
1806,ko-en,ml,False,1,0
1807,ko-en,ml,False,1,0
1808,ko-en,ml,False,1,0
1809,ko-en,ml,False,1,0
1810,ko-en,ml,False,1,0
1811,ko-en,ml,False,1,0
1812,ko-en,ml,False,1,0
1813,ko-en,ml,False,1,0
1814,ko-en,ml,False,1,0
1815,ko-en,ml,False,1,0
1816,ko-en,ml,False,1,0
1817,ko-en,ml,False,1,0
1818,ko-en,ml,False,1,0
1819,ko-en,ml,False,1,0
1820,ko-en,ml,False,1,0
1821,ko-en,ml,False,1,0
1822,ko-en,ml,False,1,0
1823,ko-en,ml,False,1,0
1824,ko-en,ml,False,1,0
1825,ko-en,ml,False,1,0
1826,ko-en,ml,False,1,0
1827,ko-en,ml,False,1,0
1828,ko-en,ml,False,1,0
1829,ko-en,ml,False,1,0
1830,ko-en,ml,False,1,0
1831,ko-en,ml,False,1,0
1832,ko-en,ml,False,1,0
1833,ko-en,ml,True,1,0
1834,ko-en,ml,False,1,0
1835,ko-en,ml,False,1,0
1836,ko-en,ml,False,1,0
1837,ko-en,ml,False,1,0
1838,ko-en,ml,False,1,0
1839,ko-en,ml,False,1,0
1840,ko-en,ml,False,1,0
1841,ko-en,ml,False,1,0
1842,ko-en,ml,False,1,0
1843,ko-en,ml,False,1,0
1844,ko-en,ml,False,1,0
1845,ko-en,ml,True,1,0
1846,ko-en,ml,False,1,0
1847,ko-en,ml,False,1,0
1848,ko-en,ml,True,1,0
1849,ko-en,ml,False,1,0
1850,ko-en,ml,False,1,0
1851,ko-en,ml,False,1,0
1852,ko-en,ml,False,1,0
1853,ko-en,ml,False,1,0
1854,ko-en,ml,False,1,0
1855,ko-en,ml,False,1,0
1856,ko-en,ml,True,1,0
1857,ko-en,ml,False,1,0
1858,ko-en,ml,False,1,0
1859,ko-en,ml,False,1,0
1860,ko-en,ml,False,1,0
1861,ko-en,ml,False,1,0
1862,ko-en,ml,False,1,0
1863,ko-en,ml,True,1,0
1864,ko-en,ml,True,1,0
1865,ko-en,ml,True,1,0
1866,ko-en,ml,False,1,0
1867,ko-en,ml,False,1,0
1868,ko-en,ml,False,1,0
1869,ko-en,ml,False,1,0
1870,ko-en,ml,False,1,0
1871,ko-en,ml,False,1,0
1872,ko-en,ml,False,1,0
1873,ko-en,ml,False,1,0
1874,ko-en,ml,False,1,0
1875,ko-en,ml,False,1,0
1876,ko-en,ml,False,1,0
1877,ko-en,ml,False,1,0
1878,ko-en,ml,True,1,0
1879,ko-en,ml,True,1,0
1880,ko-en,ml,False,1,0
1881,ko-en,ml,False,1,0
1882,ko-en,ml,False,1,0
1883,ko-en,ml,False,1,0
1884,ko-en,ml,False,1,0
1885,ko-en,ml,False,1,0
1886,ko-en,ml,False,1,0
1887,ko-en,ml,False,1,0
1888,ko-en,ml,False,1,0
1889,ko-en,ml,False,1,0
1890,ko-en,ml,False,1,0
1891,ko-en,ml,False,1,0
1892,ko-en,ml,False,1,0
1893,ko-en,ml,False,1,0
1894,ko-en,ml,True,1,0
1895,ko-en,ml,False,1,0
1896,ko-en,ml,False,1,0
1897,ko-en,ml,False,1,0
1898,ko-en,ml,False,1,0
1899,ko-en,ml,False,1,0
1900,ko-en,ml,False,1,0
1901,ko-en,ml,False,1,0
1902,ko-en,ml,False,1,0
1903,ko-en,ml,False,1,0
1904,ko-en,ml,False,1,0
1905,ko-en,ml,False,1,0
1906,ko-en,ml,True,1,0
1907,ko-en,ml,False,1,0
1908,ko-en,ml,True,1,0
1909,ko-en,ml,False,1,0
1910,ko-en,ml,False,1,0
1911,ko-en,ml,False,1,0
1912,ko-en,ml,False,1,0
1913,ko-en,ml,False,1,0
1914,ko-en,ml,False,1,0
1915,ko-en,ml,False,1,0
1916,ko-en,ml,False,1,0
1917,ko-en,ml,False,1,0
1918,ko-en,ml,False,1,0
1919,ko-en,ml,False,1,0
1920,ko-en,ml,False,1,0
1921,ko-en,ml,True,1,0
1922,ko-en,ml,True,1,0
1923,ko-en,ml,True,1,0
1924,ko-en,ml,False,1,0
1925,ko-en,ml,False,1,0
1926,ko-en,ml,False,1,0
1927,ko-en,ml,False,1,0
1928,ko-en,ml,False,1,0
1929,ko-en,ml,False,1,0
1930,ko-en,ml,True,1,0
1931,ko-en,ml,True,1,0
1932,ko-en,ml,True,1,0
1933,ko-en,ml,False,1,0
1934,ko-en,ml,False,1,0
1935,ko-en,ml,False,1,0
1936,ko-en,ml,True,1,0
1937,ko-en,ml,False,1,0
1938,ko-en,ml,False,1,0
1939,ko-en,ml,False,1,0
1940,ko-en,ml,False,1,0
1941,ko-en,ml,False,1,0
1942,ko-en,ml,False,1,0
1943,ko-en,ml,False,1,0
1944,ko-en,ml,True,1,0
1945,ko-en,ml,False,1,0
1946,ko-en,ml,False,1,0
1947,ko-en,ml,False,1,0
1948,ko-en,ml,True,1,0
1949,ko-en,ml,False,1,0
1950,ko-en,ml,False,1,0
1951,ko-en,ml,False,1,0
1952,ko-en,ml,False,1,0
1953,ko-en,ml,True,1,0
1954,ko-en,ml,True,1,0
1955,ko-en,ml,False,1,0
1956,ko-en,ml,False,1,0
1957,ko-en,ml,False,1,0
1958,ko-en,ml,False,1,0
1959,ko-en,ml,True,1,0
1960,ko-en,ml,False,1,0
1961,ko-en,ml,False,1,0
1962,ko-en,ml,False,1,0
1963,ko-en,ml,False,1,0
1964,ko-en,ml,False,1,0
1965,ko-en,ml,False,1,0
1966,ko-en,ml,False,1,0
1967,ko-en,ml,True,1,0
1968,ko-en,ml,False,1,0
1969,ko-en,ml,True,1,0
1970,ko-en,ml,False,1,0
1971,ko-en,ml,False,1,0
1972,ko-en,ml,False,1,0
1973,ko-en,ml,False,1,0
1974,ko-en,ml,False,1,0
1975,ko-en,ml,False,1,0
1976,ko-en,ml,False,1,0
1977,ko-en,ml,False,1,0
1978,ko-en,ml,True,1,0
1979,ko-en,ml,False,1,0
1980,ko-en,ml,False,1,0
1981,ko-en,ml,False,1,0
1982,ko-en,ml,False,1,0
